Year,Tm_x,W_x,L_x,Playoffs_x,Div. Finish,Tm_y,W_y,L_y,Playoffs_y,Finish,States,Industry,GDP Value
2015,Cincinnati Bengals*,12,4,Lost WC,1st of 4,Cincinnati Reds,64,98,,5th of 5,Kentucky and Ohio,Sports and Entertainment GDP,0.0
2014,Cincinnati Bengals*,10,5,Lost WC,2nd of 4,Cincinnati Reds,76,86,,4th of 5,Kentucky and Ohio,Sports and Entertainment GDP,7665.904
2013,Cincinnati Bengals*,11,5,Lost WC,1st of 4,Cincinnati Reds,90,72,Lost NLWC (1-0),3rd of 5,Kentucky and Ohio,Sports and Entertainment GDP,7337.955
2012,Cincinnati Bengals*,10,6,Lost WC,2nd of 4,Cincinnati Reds,97,65,Lost NLDS (3-2),1st of 6,Kentucky and Ohio,Sports and Entertainment GDP,7336.097
2011,Cincinnati Bengals*,9,7,Lost WC,3rd of 4,Cincinnati Reds,79,83,,3rd of 6,Kentucky and Ohio,Sports and Entertainment GDP,6719.789
2010,Cincinnati Bengals,4,12,,4th of 4,Cincinnati Reds,91,71,Lost NLDS (3-0),1st of 6,Kentucky and Ohio,Sports and Entertainment GDP,6466.758
2009,Cincinnati Bengals*,10,6,Lost WC,1st of 4,Cincinnati Reds,78,84,,4th of 6,Kentucky and Ohio,Sports and Entertainment GDP,6518.0
2008,Cincinnati Bengals,4,11,,3rd of 4,Cincinnati Reds,74,88,,5th of 6,Kentucky and Ohio,Sports and Entertainment GDP,6849.986
2007,Cincinnati Bengals,7,9,,3rd of 4,Cincinnati Reds,72,90,,5th of 6,Kentucky and Ohio,Sports and Entertainment GDP,6774.477
2006,Cincinnati Bengals,8,8,,2nd of 4,Cincinnati Reds,80,82,,3rd of 6,Kentucky and Ohio,Sports and Entertainment GDP,6717.132
2005,Cincinnati Bengals*,11,5,Lost WC,1st of 4,Cincinnati Reds,73,89,,5th of 6,Kentucky and Ohio,Sports and Entertainment GDP,6972.99
2004,Cincinnati Bengals,8,8,,3rd of 4,Cincinnati Reds,76,86,,4th of 6,Kentucky and Ohio,Sports and Entertainment GDP,7178.432
2003,Cincinnati Bengals,8,8,,2nd of 4,Cincinnati Reds,69,93,,5th of 6,Kentucky and Ohio,Sports and Entertainment GDP,7397.446
2002,Cincinnati Bengals,2,14,,4th of 4,Cincinnati Reds,78,84,,3rd of 6,Kentucky and Ohio,Sports and Entertainment GDP,6681.829
2001,Cincinnati Bengals,6,10,,6th of 6,Cincinnati Reds,66,96,,5th of 6,Kentucky and Ohio,Sports and Entertainment GDP,6192.396
2000,Cincinnati Bengals,4,12,,5th of 6,Cincinnati Reds,85,77,,2nd of 6,Kentucky and Ohio,Sports and Entertainment GDP,5888.691
1999,Cincinnati Bengals,4,12,,5th of 6,Cincinnati Reds,96,67,,2nd of 6,Kentucky and Ohio,Sports and Entertainment GDP,5740.714
1998,Cincinnati Bengals,3,13,,5th of 5,Cincinnati Reds,77,85,,4th of 6,Kentucky and Ohio,Sports and Entertainment GDP,5164.093
1997,Cincinnati Bengals,7,9,,4th of 5,Cincinnati Reds,76,86,,3rd of 5,Kentucky and Ohio,Sports and Entertainment GDP,5294.901
